"telertn0001 ",2013-10-01,16:30:00,02005,"กรมอุทกศาสตร์ กองทัพเรือ",สถานีวัดระดับความสูงน้ำทะเลหน้ากองบัญชาการ,1.73,13.742928,100.490355,99,ไม่ระบุสถานที่,ไม่ระบุสถานที่,ไม่ระบุ,1,,ม.(รทก.),,,,,,rtnwl1,,
"telertn0001 ",2013-10-01,16:22:00,02005,"กรมอุทกศาสตร์ กองทัพเรือ",สถานีวัดระดับความสูงน้ำทะเลหน้ากองบัญชาการ,1.73,13.742928,100.490355,99,ไม่ระบุสถานที่,ไม่ระบุสถานที่,ไม่ระบุ,1,,ม.(รทก.),,,,,,rtnwl1,,
"telertn0001 ",2013-10-01,16:20:00,02005,"กรมอุทกศาสตร์ กองทัพเรือ",สถานีวัดระดับความสูงน้ำทะเลหน้ากองบัญชาการ,1.73,13.742928,100.490355,99,ไม่ระบุสถานที่,ไม่ระบุสถานที่,ไม่ระบุ,1,,ม.(รทก.),,,,,,rtnwl1,,
"telertn0001 ",2013-10-01,16:24:00,02005,"กรมอุทกศาสตร์ กองทัพเรือ",สถานีวัดระดับความสูงน้ำทะเลหน้ากองบัญชาการ,1.73,13.742928,100.490355,99,ไม่ระบุสถานที่,ไม่ระบุสถานที่,ไม่ระบุ,1,,ม.(รทก.),,,,,,rtnwl1,,
"telertn0001 ",2013-10-01,16:32:00,02005,"กรมอุทกศาสตร์ กองทัพเรือ",สถานีวัดระดับความสูงน้ำทะเลหน้ากองบัญชาการ,1.73,13.742928,100.490355,99,ไม่ระบุสถานที่,ไม่ระบุสถานที่,ไม่ระบุ,1,,ม.(รทก.),,,,,,rtnwl1,,
"telertn0001 ",2013-10-01,16:34:00,02005,"กรมอุทกศาสตร์ กองทัพเรือ",สถานีวัดระดับความสูงน้ำทะเลหน้ากองบัญชาการ,1.73,13.742928,100.490355,99,ไม่ระบุสถานที่,ไม่ระบุสถานที่,ไม่ระบุ,1,,ม.(รทก.),,,,,,rtnwl1,,
"telertn0001 ",2013-10-01,16:26:00,02005,"กรมอุทกศาสตร์ กองทัพเรือ",สถานีวัดระดับความสูงน้ำทะเลหน้ากองบัญชาการ,1.73,13.742928,100.490355,99,ไม่ระบุสถานที่,ไม่ระบุสถานที่,ไม่ระบุ,1,,ม.(รทก.),,,,,,rtnwl1,,
"telertn0001 ",2013-10-01,16:38:00,02005,"กรมอุทกศาสตร์ กองทัพเรือ",สถานีวัดระดับความสูงน้ำทะเลหน้ากองบัญชาการ,1.73,13.742928,100.490355,99,ไม่ระบุสถานที่,ไม่ระบุสถานที่,ไม่ระบุ,1,,ม.(รทก.),,,,,,rtnwl1,,
"telertn0001 ",2013-10-01,16:28:00,02005,"กรมอุทกศาสตร์ กองทัพเรือ",สถานีวัดระดับความสูงน้ำทะเลหน้ากองบัญชาการ,1.73,13.742928,100.490355,99,ไม่ระบุสถานที่,ไม่ระบุสถานที่,ไม่ระบุ,1,,ม.(รทก.),,,,,,rtnwl1,,
"telertn0001 ",2013-10-01,16:36:00,02005,"กรมอุทกศาสตร์ กองทัพเรือ",สถานีวัดระดับความสูงน้ำทะเลหน้ากองบัญชาการ,1.73,13.742928,100.490355,99,ไม่ระบุสถานที่,ไม่ระบุสถานที่,ไม่ระบุ,1,,ม.(รทก.),,,,,,rtnwl1,,
"telertn0001 ",2013-10-01,16:40:00,02005,"กรมอุทกศาสตร์ กองทัพเรือ",สถานีวัดระดับความสูงน้ำทะเลหน้ากองบัญชาการ,1.73,13.742928,100.490355,99,ไม่ระบุสถานที่,ไม่ระบุสถานที่,ไม่ระบุ,1,,ม.(รทก.),,,,,,rtnwl1,,
"telertn0001 ",2013-10-01,17:00:00,02005,"กรมอุทกศาสตร์ กองทัพเรือ",สถานีวัดระดับความสูงน้ำทะเลหน้ากองบัญชาการ,1.72,13.742928,100.490355,99,ไม่ระบุสถานที่,ไม่ระบุสถานที่,ไม่ระบุ,1,,ม.(รทก.),,,,,,rtnwl1,,
"telertn0001 ",2013-10-01,16:18:00,02005,"กรมอุทกศาสตร์ กองทัพเรือ",สถานีวัดระดับความสูงน้ำทะเลหน้ากองบัญชาการ,1.72,13.742928,100.490355,99,ไม่ระบุสถานที่,ไม่ระบุสถานที่,ไม่ระบุ,1,,ม.(รทก.),,,,,,rtnwl1,,
"telertn0001 ",2013-10-01,16:12:00,02005,"กรมอุทกศาสตร์ กองทัพเรือ",สถานีวัดระดับความสูงน้ำทะเลหน้ากองบัญชาการ,1.72,13.742928,100.490355,99,ไม่ระบุสถานที่,ไม่ระบุสถานที่,ไม่ระบุ,1,,ม.(รทก.),,,,,,rtnwl1,,
"telertn0001 ",2013-10-01,16:58:00,02005,"กรมอุทกศาสตร์ กองทัพเรือ",สถานีวัดระดับความสูงน้ำทะเลหน้ากองบัญชาการ,1.72,13.742928,100.490355,99,ไม่ระบุสถานที่,ไม่ระบุสถานที่,ไม่ระบุ,1,,ม.(รทก.),,,,,,rtnwl1,,
"telertn0001 ",2013-10-01,16:44:00,02005,"กรมอุทกศาสตร์ กองทัพเรือ",สถานีวัดระดับความสูงน้ำทะเลหน้ากองบัญชาการ,1.72,13.742928,100.490355,99,ไม่ระบุสถานที่,ไม่ระบุสถานที่,ไม่ระบุ,1,,ม.(รทก.),,,,,,rtnwl1,,
"telertn0001 ",2013-10-01,16:56:00,02005,"กรมอุทกศาสตร์ กองทัพเรือ",สถานีวัดระดับความสูงน้ำทะเลหน้ากองบัญชาการ,1.72,13.742928,100.490355,99,ไม่ระบุสถานที่,ไม่ระบุสถานที่,ไม่ระบุ,1,,ม.(รทก.),,,,,,rtnwl1,,
"telertn0001 ",2013-10-01,16:14:00,02005,"กรมอุทกศาสตร์ กองทัพเรือ",สถานีวัดระดับความสูงน้ำทะเลหน้ากองบัญชาการ,1.72,13.742928,100.490355,99,ไม่ระบุสถานที่,ไม่ระบุสถานที่,ไม่ระบุ,1,,ม.(รทก.),,,,,,rtnwl1,,
"telertn0001 ",2013-10-01,16:42:00,02005,"กรมอุทกศาสตร์ กองทัพเรือ",สถานีวัดระดับความสูงน้ำทะเลหน้ากองบัญชาการ,1.72,13.742928,100.490355,99,ไม่ระบุสถานที่,ไม่ระบุสถานที่,ไม่ระบุ,1,,ม.(รทก.),,,,,,rtnwl1,,
"telertn0001 ",2013-10-01,16:52:00,02005,"กรมอุทกศาสตร์ กองทัพเรือ",สถานีวัดระดับความสูงน้ำทะเลหน้ากองบัญชาการ,1.72,13.742928,100.490355,99,ไม่ระบุสถานที่,ไม่ระบุสถานที่,ไม่ระบุ,1,,ม.(รทก.),,,,,,rtnwl1,,
"telertn0001 ",2013-10-01,16:46:00,02005,"กรมอุทกศาสตร์ กองทัพเรือ",สถานีวัดระดับความสูงน้ำทะเลหน้ากองบัญชาการ,1.72,13.742928,100.490355,99,ไม่ระบุสถานที่,ไม่ระบุสถานที่,ไม่ระบุ,1,,ม.(รทก.),,,,,,rtnwl1,,
"telertn0001 ",2013-10-01,16:54:00,02005,"กรมอุทกศาสตร์ กองทัพเรือ",สถานีวัดระดับความสูงน้ำทะเลหน้ากองบัญชาการ,1.72,13.742928,100.490355,99,ไม่ระบุสถานที่,ไม่ระบุสถานที่,ไม่ระบุ,1,,ม.(รทก.),,,,,,rtnwl1,,
"telertn0001 ",2013-10-01,16:08:00,02005,"กรมอุทกศาสตร์ กองทัพเรือ",สถานีวัดระดับความสูงน้ำทะเลหน้ากองบัญชาการ,1.71,13.742928,100.490355,99,ไม่ระบุสถานที่,ไม่ระบุสถานที่,ไม่ระบุ,1,,ม.(รทก.),,,,,,rtnwl1,,
"telertn0001 ",2013-10-01,16:16:00,02005,"กรมอุทกศาสตร์ กองทัพเรือ",สถานีวัดระดับความสูงน้ำทะเลหน้ากองบัญชาการ,1.71,13.742928,100.490355,99,ไม่ระบุสถานที่,ไม่ระบุสถานที่,ไม่ระบุ,1,,ม.(รทก.),,,,,,rtnwl1,,
"telertn0001 ",2013-10-01,17:06:00,02005,"กรมอุทกศาสตร์ กองทัพเรือ",สถานีวัดระดับความสูงน้ำทะเลหน้ากองบัญชาการ,1.71,13.742928,100.490355,99,ไม่ระบุสถานที่,ไม่ระบุสถานที่,ไม่ระบุ,1,,ม.(รทก.),,,,,,rtnwl1,,
"telertn0001 ",2013-10-01,17:04:00,02005,"กรมอุทกศาสตร์ กองทัพเรือ",สถานีวัดระดับความสูงน้ำทะเลหน้ากองบัญชาการ,1.71,13.742928,100.490355,99,ไม่ระบุสถานที่,ไม่ระบุสถานที่,ไม่ระบุ,1,,ม.(รทก.),,,,,,rtnwl1,,
"telertn0001 ",2013-10-01,17:02:00,02005,"กรมอุทกศาสตร์ กองทัพเรือ",สถานีวัดระดับความสูงน้ำทะเลหน้ากองบัญชาการ,1.71,13.742928,100.490355,99,ไม่ระบุสถานที่,ไม่ระบุสถานที่,ไม่ระบุ,1,,ม.(รทก.),,,,,,rtnwl1,,
"telertn0001 ",2013-10-01,16:50:00,02005,"กรมอุทกศาสตร์ กองทัพเรือ",สถานีวัดระดับความสูงน้ำทะเลหน้ากองบัญชาการ,1.71,13.742928,100.490355,99,ไม่ระบุสถานที่,ไม่ระบุสถานที่,ไม่ระบุ,1,,ม.(รทก.),,,,,,rtnwl1,,
"telertn0001 ",2013-10-01,16:10:00,02005,"กรมอุทกศาสตร์ กองทัพเรือ",สถานีวัดระดับความสูงน้ำทะเลหน้ากองบัญชาการ,1.71,13.742928,100.490355,99,ไม่ระบุสถานที่,ไม่ระบุสถานที่,ไม่ระบุ,1,,ม.(รทก.),,,,,,rtnwl1,,
"telertn0001 ",2013-10-01,17:12:00,02005,"กรมอุทกศาสตร์ กองทัพเรือ",สถานีวัดระดับความสูงน้ำทะเลหน้ากองบัญชาการ,1.71,13.742928,100.490355,99,ไม่ระบุสถานที่,ไม่ระบุสถานที่,ไม่ระบุ,1,,ม.(รทก.),,,,,,rtnwl1,,
"telertn0001 ",2013-10-01,16:48:00,02005,"กรมอุทกศาสตร์ กองทัพเรือ",สถานีวัดระดับความสูงน้ำทะเลหน้ากองบัญชาการ,1.71,13.742928,100.490355,99,ไม่ระบุสถานที่,ไม่ระบุสถานที่,ไม่ระบุ,1,,ม.(รทก.),,,,,,rtnwl1,,
"telertn0001 ",2013-10-01,17:10:00,02005,"กรมอุทกศาสตร์ กองทัพเรือ",สถานีวัดระดับความสูงน้ำทะเลหน้ากองบัญชาการ,1.71,13.742928,100.490355,99,ไม่ระบุสถานที่,ไม่ระบุสถานที่,ไม่ระบุ,1,,ม.(รทก.),,,,,,rtnwl1,,
"telertn0001 ",2013-10-01,17:32:00,02005,"กรมอุทกศาสตร์ กองทัพเรือ",สถานีวัดระดับความสูงน้ำทะเลหน้ากองบัญชาการ,1.7,13.742928,100.490355,99,ไม่ระบุสถานที่,ไม่ระบุสถานที่,ไม่ระบุ,1,,ม.(รทก.),,,,,,rtnwl1,,
"telertn0001 ",2013-10-01,17:26:00,02005,"กรมอุทกศาสตร์ กองทัพเรือ",สถานีวัดระดับความสูงน้ำทะเลหน้ากองบัญชาการ,1.7,13.742928,100.490355,99,ไม่ระบุสถานที่,ไม่ระบุสถานที่,ไม่ระบุ,1,,ม.(รทก.),,,,,,rtnwl1,,
"telertn0001 ",2013-10-01,17:22:00,02005,"กรมอุทกศาสตร์ กองทัพเรือ",สถานีวัดระดับความสูงน้ำทะเลหน้ากองบัญชาการ,1.7,13.742928,100.490355,99,ไม่ระบุสถานที่,ไม่ระบุสถานที่,ไม่ระบุ,1,,ม.(รทก.),,,,,,rtnwl1,,
"telertn0001 ",2013-10-01,17:20:00,02005,"กรมอุทกศาสตร์ กองทัพเรือ",สถานีวัดระดับความสูงน้ำทะเลหน้ากองบัญชาการ,1.7,13.742928,100.490355,99,ไม่ระบุสถานที่,ไม่ระบุสถานที่,ไม่ระบุ,1,,ม.(รทก.),,,,,,rtnwl1,,
"telertn0001 ",2013-10-01,17:16:00,02005,"กรมอุทกศาสตร์ กองทัพเรือ",สถานีวัดระดับความสูงน้ำทะเลหน้ากองบัญชาการ,1.7,13.742928,100.490355,99,ไม่ระบุสถานที่,ไม่ระบุสถานที่,ไม่ระบุ,1,,ม.(รทก.),,,,,,rtnwl1,,
"telertn0001 ",2013-10-01,17:14:00,02005,"กรมอุทกศาสตร์ กองทัพเรือ",สถานีวัดระดับความสูงน้ำทะเลหน้ากองบัญชาการ,1.7,13.742928,100.490355,99,ไม่ระบุสถานที่,ไม่ระบุสถานที่,ไม่ระบุ,1,,ม.(รทก.),,,,,,rtnwl1,,
"telertn0001 ",2013-10-01,17:08:00,02005,"กรมอุทกศาสตร์ กองทัพเรือ",สถานีวัดระดับความสูงน้ำทะเลหน้ากองบัญชาการ,1.7,13.742928,100.490355,99,ไม่ระบุสถานที่,ไม่ระบุสถานที่,ไม่ระบุ,1,,ม.(รทก.),,,,,,rtnwl1,,
"telertn0001 ",2013-10-01,17:18:00,02005,"กรมอุทกศาสตร์ กองทัพเรือ",สถานีวัดระดับความสูงน้ำทะเลหน้ากองบัญชาการ,1.7,13.742928,100.490355,99,ไม่ระบุสถานที่,ไม่ระบุสถานที่,ไม่ระบุ,1,,ม.(รทก.),,,,,,rtnwl1,,
"telertn0001 ",2013-10-01,16:04:00,02005,"กรมอุทกศาสตร์ กองทัพเรือ",สถานีวัดระดับความสูงน้ำทะเลหน้ากองบัญชาการ,1.7,13.742928,100.490355,99,ไม่ระบุสถานที่,ไม่ระบุสถานที่,ไม่ระบุ,1,,ม.(รทก.),,,,,,rtnwl1,,
"telertn0001 ",2013-10-01,16:06:00,02005,"กรมอุทกศาสตร์ กองทัพเรือ",สถานีวัดระดับความสูงน้ำทะเลหน้ากองบัญชาการ,1.7,13.742928,100.490355,99,ไม่ระบุสถานที่,ไม่ระบุสถานที่,ไม่ระบุ,1,,ม.(รทก.),,,,,,rtnwl1,,
"telertn0001 ",2013-10-01,17:28:00,02005,"กรมอุทกศาสตร์ กองทัพเรือ",สถานีวัดระดับความสูงน้ำทะเลหน้ากองบัญชาการ,1.7,13.742928,100.490355,99,ไม่ระบุสถานที่,ไม่ระบุสถานที่,ไม่ระบุ,1,,ม.(รทก.),,,,,,rtnwl1,,
"telertn0001 ",2013-10-01,16:02:00,02005,"กรมอุทกศาสตร์ กองทัพเรือ",สถานีวัดระดับความสูงน้ำทะเลหน้ากองบัญชาการ,1.7,13.742928,100.490355,99,ไม่ระบุสถานที่,ไม่ระบุสถานที่,ไม่ระบุ,1,,ม.(รทก.),,,,,,rtnwl1,,
"telertn0001 ",2013-10-01,17:34:00,02005,"กรมอุทกศาสตร์ กองทัพเรือ",สถานีวัดระดับความสูงน้ำทะเลหน้ากองบัญชาการ,1.7,13.742928,100.490355,99,ไม่ระบุสถานที่,ไม่ระบุสถานที่,ไม่ระบุ,1,,ม.(รทก.),,,,,,rtnwl1,,
"telertn0001 ",2013-10-01,17:30:00,02005,"กรมอุทกศาสตร์ กองทัพเรือ",สถานีวัดระดับความสูงน้ำทะเลหน้ากองบัญชาการ,1.69,13.742928,100.490355,99,ไม่ระบุสถานที่,ไม่ระบุสถานที่,ไม่ระบุ,1,,ม.(รทก.),,,,,,rtnwl1,,
"telertn0001 ",2013-10-01,15:58:00,02005,"กรมอุทกศาสตร์ กองทัพเรือ",สถานีวัดระดับความสูงน้ำทะเลหน้ากองบัญชาการ,1.69,13.742928,100.490355,99,ไม่ระบุสถานที่,ไม่ระบุสถานที่,ไม่ระบุ,1,,ม.(รทก.),,,,,,rtnwl1,,
"telertn0001 ",2013-10-01,17:24:00,02005,"กรมอุทกศาสตร์ กองทัพเรือ",สถานีวัดระดับความสูงน้ำทะเลหน้ากองบัญชาการ,1.69,13.742928,100.490355,99,ไม่ระบุสถานที่,ไม่ระบุสถานที่,ไม่ระบุ,1,,ม.(รทก.),,,,,,rtnwl1,,
"telertn0001 ",2013-10-01,15:56:00,02005,"กรมอุทกศาสตร์ กองทัพเรือ",สถานีวัดระดับความสูงน้ำทะเลหน้ากองบัญชาการ,1.69,13.742928,100.490355,99,ไม่ระบุสถานที่,ไม่ระบุสถานที่,ไม่ระบุ,1,,ม.(รทก.),,,,,,rtnwl1,,
"telertn0001 ",2013-10-01,15:48:00,02005,"กรมอุทกศาสตร์ กองทัพเรือ",สถานีวัดระดับความสูงน้ำทะเลหน้ากองบัญชาการ,1.69,13.742928,100.490355,99,ไม่ระบุสถานที่,ไม่ระบุสถานที่,ไม่ระบุ,1,,ม.(รทก.),,,,,,rtnwl1,,
"telertn0001 ",2013-10-01,18:04:00,02005,"กรมอุทกศาสตร์ กองทัพเรือ",สถานีวัดระดับความสูงน้ำทะเลหน้ากองบัญชาการ,1.69,13.742928,100.490355,99,ไม่ระบุสถานที่,ไม่ระบุสถานที่,ไม่ระบุ,1,,ม.(รทก.),,,,,,rtnwl1,,
"telertn0001 ",2013-10-01,18:10:00,02005,"กรมอุทกศาสตร์ กองทัพเรือ",สถานีวัดระดับความสูงน้ำทะเลหน้ากองบัญชาการ,1.69,13.742928,100.490355,99,ไม่ระบุสถานที่,ไม่ระบุสถานที่,ไม่ระบุ,1,,ม.(รทก.),,,,,,rtnwl1,,
"telertn0001 ",2013-10-01,17:48:00,02005,"กรมอุทกศาสตร์ กองทัพเรือ",สถานีวัดระดับความสูงน้ำทะเลหน้ากองบัญชาการ,1.69,13.742928,100.490355,99,ไม่ระบุสถานที่,ไม่ระบุสถานที่,ไม่ระบุ,1,,ม.(รทก.),,,,,,rtnwl1,,
"telertn0001 ",2013-10-01,18:00:00,02005,"กรมอุทกศาสตร์ กองทัพเรือ",สถานีวัดระดับความสูงน้ำทะเลหน้ากองบัญชาการ,1.69,13.742928,100.490355,99,ไม่ระบุสถานที่,ไม่ระบุสถานที่,ไม่ระบุ,1,,ม.(รทก.),,,,,,rtnwl1,,
"telertn0001 ",2013-10-01,18:02:00,02005,"กรมอุทกศาสตร์ กองทัพเรือ",สถานีวัดระดับความสูงน้ำทะเลหน้ากองบัญชาการ,1.69,13.742928,100.490355,99,ไม่ระบุสถานที่,ไม่ระบุสถานที่,ไม่ระบุ,1,,ม.(รทก.),,,,,,rtnwl1,,
"telertn0001 ",2013-10-01,17:56:00,02005,"กรมอุทกศาสตร์ กองทัพเรือ",สถานีวัดระดับความสูงน้ำทะเลหน้ากองบัญชาการ,1.69,13.742928,100.490355,99,ไม่ระบุสถานที่,ไม่ระบุสถานที่,ไม่ระบุ,1,,ม.(รทก.),,,,,,rtnwl1,,
"telertn0001 ",2013-10-01,17:54:00,02005,"กรมอุทกศาสตร์ กองทัพเรือ",สถานีวัดระดับความสูงน้ำทะเลหน้ากองบัญชาการ,1.69,13.742928,100.490355,99,ไม่ระบุสถานที่,ไม่ระบุสถานที่,ไม่ระบุ,1,,ม.(รทก.),,,,,,rtnwl1,,
"telertn0001 ",2013-10-01,17:52:00,02005,"กรมอุทกศาสตร์ กองทัพเรือ",สถานีวัดระดับความสูงน้ำทะเลหน้ากองบัญชาการ,1.69,13.742928,100.490355,99,ไม่ระบุสถานที่,ไม่ระบุสถานที่,ไม่ระบุ,1,,ม.(รทก.),,,,,,rtnwl1,,
"telertn0001 ",2013-10-01,17:58:00,02005,"กรมอุทกศาสตร์ กองทัพเรือ",สถานีวัดระดับความสูงน้ำทะเลหน้ากองบัญชาการ,1.69,13.742928,100.490355,99,ไม่ระบุสถานที่,ไม่ระบุสถานที่,ไม่ระบุ,1,,ม.(รทก.),,,,,,rtnwl1,,
"telertn0001 ",2013-10-01,17:44:00,02005,"กรมอุทกศาสตร์ กองทัพเรือ",สถานีวัดระดับความสูงน้ำทะเลหน้ากองบัญชาการ,1.69,13.742928,100.490355,99,ไม่ระบุสถานที่,ไม่ระบุสถานที่,ไม่ระบุ,1,,ม.(รทก.),,,,,,rtnwl1,,
"telertn0001 ",2013-10-01,17:46:00,02005,"กรมอุทกศาสตร์ กองทัพเรือ",สถานีวัดระดับความสูงน้ำทะเลหน้ากองบัญชาการ,1.69,13.742928,100.490355,99,ไม่ระบุสถานที่,ไม่ระบุสถานที่,ไม่ระบุ,1,,ม.(รทก.),,,,,,rtnwl1,,
"telertn0001 ",2013-10-01,17:42:00,02005,"กรมอุทกศาสตร์ กองทัพเรือ",สถานีวัดระดับความสูงน้ำทะเลหน้ากองบัญชาการ,1.69,13.742928,100.490355,99,ไม่ระบุสถานที่,ไม่ระบุสถานที่,ไม่ระบุ,1,,ม.(รทก.),,,,,,rtnwl1,,
"telertn0001 ",2013-10-01,17:40:00,02005,"กรมอุทกศาสตร์ กองทัพเรือ",สถานีวัดระดับความสูงน้ำทะเลหน้ากองบัญชาการ,1.69,13.742928,100.490355,99,ไม่ระบุสถานที่,ไม่ระบุสถานที่,ไม่ระบุ,1,,ม.(รทก.),,,,,,rtnwl1,,
"telertn0001 ",2013-10-01,17:38:00,02005,"กรมอุทกศาสตร์ กองทัพเรือ",สถานีวัดระดับความสูงน้ำทะเลหน้ากองบัญชาการ,1.69,13.742928,100.490355,99,ไม่ระบุสถานที่,ไม่ระบุสถานที่,ไม่ระบุ,1,,ม.(รทก.),,,,,,rtnwl1,,
"telertn0001 ",2013-10-01,17:36:00,02005,"กรมอุทกศาสตร์ กองทัพเรือ",สถานีวัดระดับความสูงน้ำทะเลหน้ากองบัญชาการ,1.69,13.742928,100.490355,99,ไม่ระบุสถานที่,ไม่ระบุสถานที่,ไม่ระบุ,1,,ม.(รทก.),,,,,,rtnwl1,,
"telertn0001 ",2013-10-01,16:00:00,02005,"กรมอุทกศาสตร์ กองทัพเรือ",สถานีวัดระดับความสูงน้ำทะเลหน้ากองบัญชาการ,1.69,13.742928,100.490355,99,ไม่ระบุสถานที่,ไม่ระบุสถานที่,ไม่ระบุ,1,,ม.(รทก.),,,,,,rtnwl1,,
"telertn0001 ",2013-10-01,15:54:00,02005,"กรมอุทกศาสตร์ กองทัพเรือ",สถานีวัดระดับความสูงน้ำทะเลหน้ากองบัญชาการ,1.68,13.742928,100.490355,99,ไม่ระบุสถานที่,ไม่ระบุสถานที่,ไม่ระบุ,1,,ม.(รทก.),,,,,,rtnwl1,,
"telertn0001 ",2013-10-01,15:52:00,02005,"กรมอุทกศาสตร์ กองทัพเรือ",สถานีวัดระดับความสูงน้ำทะเลหน้ากองบัญชาการ,1.68,13.742928,100.490355,99,ไม่ระบุสถานที่,ไม่ระบุสถานที่,ไม่ระบุ,1,,ม.(รทก.),,,,,,rtnwl1,,
"telertn0001 ",2013-10-01,15:50:00,02005,"กรมอุทกศาสตร์ กองทัพเรือ",สถานีวัดระดับความสูงน้ำทะเลหน้ากองบัญชาการ,1.68,13.742928,100.490355,99,ไม่ระบุสถานที่,ไม่ระบุสถานที่,ไม่ระบุ,1,,ม.(รทก.),,,,,,rtnwl1,,
"telertn0001 ",2013-10-01,18:14:00,02005,"กรมอุทกศาสตร์ กองทัพเรือ",สถานีวัดระดับความสูงน้ำทะเลหน้ากองบัญชาการ,1.68,13.742928,100.490355,99,ไม่ระบุสถานที่,ไม่ระบุสถานที่,ไม่ระบุ,1,,ม.(รทก.),,,,,,rtnwl1,,
"telertn0001 ",2013-10-01,18:08:00,02005,"กรมอุทกศาสตร์ กองทัพเรือ",สถานีวัดระดับความสูงน้ำทะเลหน้ากองบัญชาการ,1.68,13.742928,100.490355,99,ไม่ระบุสถานที่,ไม่ระบุสถานที่,ไม่ระบุ,1,,ม.(รทก.),,,,,,rtnwl1,,
"telertn0001 ",2013-10-01,18:06:00,02005,"กรมอุทกศาสตร์ กองทัพเรือ",สถานีวัดระดับความสูงน้ำทะเลหน้ากองบัญชาการ,1.68,13.742928,100.490355,99,ไม่ระบุสถานที่,ไม่ระบุสถานที่,ไม่ระบุ,1,,ม.(รทก.),,,,,,rtnwl1,,
"telertn0001 ",2013-10-01,17:50:00,02005,"กรมอุทกศาสตร์ กองทัพเรือ",สถานีวัดระดับความสูงน้ำทะเลหน้ากองบัญชาการ,1.68,13.742928,100.490355,99,ไม่ระบุสถานที่,ไม่ระบุสถานที่,ไม่ระบุ,1,,ม.(รทก.),,,,,,rtnwl1,,
"telertn0001 ",2013-10-01,18:24:00,02005,"กรมอุทกศาสตร์ กองทัพเรือ",สถานีวัดระดับความสูงน้ำทะเลหน้ากองบัญชาการ,1.67,13.742928,100.490355,99,ไม่ระบุสถานที่,ไม่ระบุสถานที่,ไม่ระบุ,1,,ม.(รทก.),,,,,,rtnwl1,,
"telertn0001 ",2013-10-01,18:16:00,02005,"กรมอุทกศาสตร์ กองทัพเรือ",สถานีวัดระดับความสูงน้ำทะเลหน้ากองบัญชาการ,1.67,13.742928,100.490355,99,ไม่ระบุสถานที่,ไม่ระบุสถานที่,ไม่ระบุ,1,,ม.(รทก.),,,,,,rtnwl1,,
"telertn0001 ",2013-10-01,18:12:00,02005,"กรมอุทกศาสตร์ กองทัพเรือ",สถานีวัดระดับความสูงน้ำทะเลหน้ากองบัญชาการ,1.67,13.742928,100.490355,99,ไม่ระบุสถานที่,ไม่ระบุสถานที่,ไม่ระบุ,1,,ม.(รทก.),,,,,,rtnwl1,,
"telertn0001 ",2013-10-01,18:18:00,02005,"กรมอุทกศาสตร์ กองทัพเรือ",สถานีวัดระดับความสูงน้ำทะเลหน้ากองบัญชาการ,1.67,13.742928,100.490355,99,ไม่ระบุสถานที่,ไม่ระบุสถานที่,ไม่ระบุ,1,,ม.(รทก.),,,,,,rtnwl1,,
"telertn0001 ",2013-10-01,15:46:00,02005,"กรมอุทกศาสตร์ กองทัพเรือ",สถานีวัดระดับความสูงน้ำทะเลหน้ากองบัญชาการ,1.67,13.742928,100.490355,99,ไม่ระบุสถานที่,ไม่ระบุสถานที่,ไม่ระบุ,1,,ม.(รทก.),,,,,,rtnwl1,,
"telertn0001 ",2013-10-01,15:44:00,02005,"กรมอุทกศาสตร์ กองทัพเรือ",สถานีวัดระดับความสูงน้ำทะเลหน้ากองบัญชาการ,1.67,13.742928,100.490355,99,ไม่ระบุสถานที่,ไม่ระบุสถานที่,ไม่ระบุ,1,,ม.(รทก.),,,,,,rtnwl1,,
"telertn0001 ",2013-10-01,15:42:00,02005,"กรมอุทกศาสตร์ กองทัพเรือ",สถานีวัดระดับความสูงน้ำทะเลหน้ากองบัญชาการ,1.66,13.742928,100.490355,99,ไม่ระบุสถานที่,ไม่ระบุสถานที่,ไม่ระบุ,1,,ม.(รทก.),,,,,,rtnwl1,,
"telertn0001 ",2013-10-01,18:38:00,02005,"กรมอุทกศาสตร์ กองทัพเรือ",สถานีวัดระดับความสูงน้ำทะเลหน้ากองบัญชาการ,1.66,13.742928,100.490355,99,ไม่ระบุสถานที่,ไม่ระบุสถานที่,ไม่ระบุ,1,,ม.(รทก.),,,,,,rtnwl1,,
"telertn0001 ",2013-10-01,18:26:00,02005,"กรมอุทกศาสตร์ กองทัพเรือ",สถานีวัดระดับความสูงน้ำทะเลหน้ากองบัญชาการ,1.66,13.742928,100.490355,99,ไม่ระบุสถานที่,ไม่ระบุสถานที่,ไม่ระบุ,1,,ม.(รทก.),,,,,,rtnwl1,,
"telertn0001 ",2013-10-01,18:30:00,02005,"กรมอุทกศาสตร์ กองทัพเรือ",สถานีวัดระดับความสูงน้ำทะเลหน้ากองบัญชาการ,1.66,13.742928,100.490355,99,ไม่ระบุสถานที่,ไม่ระบุสถานที่,ไม่ระบุ,1,,ม.(รทก.),,,,,,rtnwl1,,
"telertn0001 ",2013-10-01,18:28:00,02005,"กรมอุทกศาสตร์ กองทัพเรือ",สถานีวัดระดับความสูงน้ำทะเลหน้ากองบัญชาการ,1.66,13.742928,100.490355,99,ไม่ระบุสถานที่,ไม่ระบุสถานที่,ไม่ระบุ,1,,ม.(รทก.),,,,,,rtnwl1,,
"telertn0001 ",2013-10-01,18:22:00,02005,"กรมอุทกศาสตร์ กองทัพเรือ",สถานีวัดระดับความสูงน้ำทะเลหน้ากองบัญชาการ,1.66,13.742928,100.490355,99,ไม่ระบุสถานที่,ไม่ระบุสถานที่,ไม่ระบุ,1,,ม.(รทก.),,,,,,rtnwl1,,
"telertn0001 ",2013-10-01,18:20:00,02005,"กรมอุทกศาสตร์ กองทัพเรือ",สถานีวัดระดับความสูงน้ำทะเลหน้ากองบัญชาการ,1.66,13.742928,100.490355,99,ไม่ระบุสถานที่,ไม่ระบุสถานที่,ไม่ระบุ,1,,ม.(รทก.),,,,,,rtnwl1,,
"telertn0001 ",2013-10-01,18:48:00,02005,"กรมอุทกศาสตร์ กองทัพเรือ",สถานีวัดระดับความสูงน้ำทะเลหน้ากองบัญชาการ,1.65,13.742928,100.490355,99,ไม่ระบุสถานที่,ไม่ระบุสถานที่,ไม่ระบุ,1,,ม.(รทก.),,,,,,rtnwl1,,
"telertn0001 ",2013-10-01,18:44:00,02005,"กรมอุทกศาสตร์ กองทัพเรือ",สถานีวัดระดับความสูงน้ำทะเลหน้ากองบัญชาการ,1.65,13.742928,100.490355,99,ไม่ระบุสถานที่,ไม่ระบุสถานที่,ไม่ระบุ,1,,ม.(รทก.),,,,,,rtnwl1,,
"telertn0001 ",2013-10-01,18:42:00,02005,"กรมอุทกศาสตร์ กองทัพเรือ",สถานีวัดระดับความสูงน้ำทะเลหน้ากองบัญชาการ,1.65,13.742928,100.490355,99,ไม่ระบุสถานที่,ไม่ระบุสถานที่,ไม่ระบุ,1,,ม.(รทก.),,,,,,rtnwl1,,
"telertn0001 ",2013-10-01,18:40:00,02005,"กรมอุทกศาสตร์ กองทัพเรือ",สถานีวัดระดับความสูงน้ำทะเลหน้ากองบัญชาการ,1.65,13.742928,100.490355,99,ไม่ระบุสถานที่,ไม่ระบุสถานที่,ไม่ระบุ,1,,ม.(รทก.),,,,,,rtnwl1,,
"telertn0001 ",2013-10-01,15:40:00,02005,"กรมอุทกศาสตร์ กองทัพเรือ",สถานีวัดระดับความสูงน้ำทะเลหน้ากองบัญชาการ,1.65,13.742928,100.490355,99,ไม่ระบุสถานที่,ไม่ระบุสถานที่,ไม่ระบุ,1,,ม.(รทก.),,,,,,rtnwl1,,
"telertn0001 ",2013-10-01,18:36:00,02005,"กรมอุทกศาสตร์ กองทัพเรือ",สถานีวัดระดับความสูงน้ำทะเลหน้ากองบัญชาการ,1.65,13.742928,100.490355,99,ไม่ระบุสถานที่,ไม่ระบุสถานที่,ไม่ระบุ,1,,ม.(รทก.),,,,,,rtnwl1,,
"telertn0001 ",2013-10-01,18:34:00,02005,"กรมอุทกศาสตร์ กองทัพเรือ",สถานีวัดระดับความสูงน้ำทะเลหน้ากองบัญชาการ,1.65,13.742928,100.490355,99,ไม่ระบุสถานที่,ไม่ระบุสถานที่,ไม่ระบุ,1,,ม.(รทก.),,,,,,rtnwl1,,
"telertn0001 ",2013-10-01,18:32:00,02005,"กรมอุทกศาสตร์ กองทัพเรือ",สถานีวัดระดับความสูงน้ำทะเลหน้ากองบัญชาการ,1.65,13.742928,100.490355,99,ไม่ระบุสถานที่,ไม่ระบุสถานที่,ไม่ระบุ,1,,ม.(รทก.),,,,,,rtnwl1,,
"telertn0001 ",2013-10-01,15:38:00,02005,"กรมอุทกศาสตร์ กองทัพเรือ",สถานีวัดระดับความสูงน้ำทะเลหน้ากองบัญชาการ,1.65,13.742928,100.490355,99,ไม่ระบุสถานที่,ไม่ระบุสถานที่,ไม่ระบุ,1,,ม.(รทก.),,,,,,rtnwl1,,
"telertn0001 ",2013-10-01,15:36:00,02005,"กรมอุทกศาสตร์ กองทัพเรือ",สถานีวัดระดับความสูงน้ำทะเลหน้ากองบัญชาการ,1.65,13.742928,100.490355,99,ไม่ระบุสถานที่,ไม่ระบุสถานที่,ไม่ระบุ,1,,ม.(รทก.),,,,,,rtnwl1,,
"telertn0001 ",2013-10-01,15:32:00,02005,"กรมอุทกศาสตร์ กองทัพเรือ",สถานีวัดระดับความสูงน้ำทะเลหน้ากองบัญชาการ,1.65,13.742928,100.490355,99,ไม่ระบุสถานที่,ไม่ระบุสถานที่,ไม่ระบุ,1,,ม.(รทก.),,,,,,rtnwl1,,
"telertn0001 ",2013-10-01,18:46:00,02005,"กรมอุทกศาสตร์ กองทัพเรือ",สถานีวัดระดับความสูงน้ำทะเลหน้ากองบัญชาการ,1.64,13.742928,100.490355,99,ไม่ระบุสถานที่,ไม่ระบุสถานที่,ไม่ระบุ,1,,ม.(รทก.),,,,,,rtnwl1,,
"telertn0001 ",2013-10-01,15:34:00,02005,"กรมอุทกศาสตร์ กองทัพเรือ",สถานีวัดระดับความสูงน้ำทะเลหน้ากองบัญชาการ,1.64,13.742928,100.490355,99,ไม่ระบุสถานที่,ไม่ระบุสถานที่,ไม่ระบุ,1,,ม.(รทก.),,,,,,rtnwl1,,
"telertn0001 ",2013-10-01,15:30:00,02005,"กรมอุทกศาสตร์ กองทัพเรือ",สถานีวัดระดับความสูงน้ำทะเลหน้ากองบัญชาการ,1.64,13.742928,100.490355,99,ไม่ระบุสถานที่,ไม่ระบุสถานที่,ไม่ระบุ,1,,ม.(รทก.),,,,,,rtnwl1,,
